id,default_name,display_order,status,voice,background_image,image,color,page_id,created_at,updated_at
278,الله,1,1,voices/b55c6cd58707e564203fd1c03e6d580c.mp3,images/8cTuPujfvZY2ghSTiQXaa8ypp57Yb0QT7adgXpux.jpg,images/F0LUsnyCBUSP8B2nn61M5z4G911AgbFJPViWWTSG.svg,#441e33,10,2024-10-26T17:04:44.000000Z,2026-04-18T13:18:56.000000Z
279,الرحمن,2,1,voices/e30a2b3004b061855e4eca389a277198.mp3,images/Z9bhEJUh2NtYZwbyyoxdT6whtzgY25fxL9fCFMh7.jpg,images/Fu5HT4uq5TwFiOLOJp3ZMPRlHKQwVOxi8bQvFGKH.svg,#384a3e,12,2024-10-26T17:04:44.000000Z,2026-04-18T13:21:38.000000Z
280,الرحيم,3,1,voices/ee6dec4974beafff84e33cceb79a15ab.mp3,images/Q0ASh7NuLhm6kfE8GOFS8QlAOyMqa3G4jtQHzezo.jpg,images/gdgoj8gDSg7LpN6iscGMLirNz2vdQOT3PBKm55hk.svg,#6f5548,16,2024-10-26T17:04:44.000000Z,2026-04-18T13:23:09.000000Z
281,الملك,4,1,voices/06fd76b37db9834960e5c51293abe490.mp3,images/yUFF0nlHoR9lXUUBzlsuK0uBgZdzU4QaYjvZBb3D.jpg,images/eiSFjUi2mtkGGIPyhRRu7Q9RVjjxApZUbxmSEc79.svg,#2e2f44,17,2024-10-26T17:04:44.000000Z,2026-04-18T13:25:29.000000Z
282,القدوس,5,1,voices/ca7af666c254ffca065a0642bffe336f.mp3,images/IJ892odVmUyKvLvWKEzRf6OPRu1napO3hcMdRkK3.jpg,images/yA9JeLChfpDj7qtEvd2dyiAbRg5cXlxwBuECfDRk.svg,#1c3d50,18,2024-10-26T17:04:44.000000Z,2026-04-18T13:26:29.000000Z
283,السلام,6,1,voices/4ba956c7fe30bb4677aeb45e41848348.mp3,images/DZVdTe7KeXpUv1UtrNiU5fhcVU6Leql2xEz8Rrk9.jpg,images/huiv1VdWuSHqopVQFNhShEXePF5Ss3Cq5HjfnlbF.svg,#323a2c,19,2024-10-26T17:04:44.000000Z,2026-04-18T13:52:57.000000Z
284,المهيمن,8,1,voices/8bc2de7ac4faec56c9399b3115cbf464.mp3,images/k628OSu8bvX1whuZvw9eWariozUIQsDJEwp1hcbZ.jpg,images/EKl4dhT6yLwRqrVzelyNSNcqZphaXAPy3xraKff6.svg,#333333,20,2024-10-26T17:04:44.000000Z,2026-04-20T10:20:52.000000Z
285,العزيز,9,1,voices/bfad6f2dc56ad2e7fb618eca2f5a99a8.mp3,images/AyT535UnjZ1Rf4vEI6sn62WA1HlLqcTOYDhdkqCm.jpg,images/Fr11AyAaFzGSxc4HWMMkcmHg8SQ5HrB8WMYa5jw0.svg,#4e3626,21,2024-10-26T17:04:44.000000Z,2026-04-20T10:22:05.000000Z
286,الجبار,10,1,voices/ff1a018864611df255886417436a14ec.mp3,images/zmyqWDliCwhXMeqNHc9UvetCB8aGGkJSy0P7PUDW.jpg,images/xu0z6DabqOepsNdu9qAhQd7TrrAAh5zzV5Ru5nJf.svg,#222222,22,2024-10-26T17:04:44.000000Z,2026-04-18T13:53:49.000000Z
287,المتكبر,11,1,voices/7ee6be3e701e10af4572e0c6adb2a1f9.mp3,images/q0wNQImfitxs3Z3bd41cu7CgaOsXdwQGLjfbDr5N.jpg,images/xVC4hO3Am5PL8QBcliLxmHkVEK11kL8ZgxtLy3bz.svg,#25201a,23,2024-10-26T17:04:44.000000Z,2026-04-20T10:22:43.000000Z
288,الخالق,12,1,voices/9616e3a40d1b109fb5d0dfab2c1deca3.mp3,images/g2UdPv1ucw4UIfhMx36lUto0JWw5UFDbfArgWDsf.jpg,images/xVvEexnjctxzUvz3NGB6vKkiUBPKWq1uoH4FdIMU.svg,#102f38,24,2024-10-26T17:04:44.000000Z,2026-04-18T13:35:54.000000Z
289,القهار,16,1,voices/10afbe826f0610e45b7805dcbe9dfbc8.mp3,images/sQiOzFkg0NoT1wl9UIETuvEXQjZzD5U9d5brmvWD.jpg,images/KJyrXITYZXxMi0srj5gYwo7LSAkpup14E63emyBD.svg,#02191E,25,2024-10-26T17:04:44.000000Z,2026-04-20T10:24:50.000000Z
290,الوهاب,17,1,voices/bc3ef8132e8731cf8a4932a11f8aaa32.mp3,images/rBj234ojRWzEWh0J7mOD4aI4okAcOnGZ8YQi1y4S.jpg,images/D7h06manmur4qBS3Ar4BhIokUub6xJJHxceFw0wV.svg,#29362C,26,2024-10-26T17:04:44.000000Z,2026-04-18T13:41:56.000000Z
291,الرزاق,18,1,voices/c2ebf4a8071eb466b322565d469e4432.mp3,images/ff8hc2LJBZ31spoaT407gcAGBhmrMpxixInF6PRt.jpg,images/4vNSALKjKuERmzpFX0h91GLji6Qz2eabUcWjevDy.svg,#282828,27,2024-10-26T17:04:44.000000Z,2026-04-18T13:42:37.000000Z
292,العليم,20,1,voices/841855131c6457be20766d10f7e2c8db.mp3,images/6saJhrdGbUwWau4duVlo7NTXFzuY3b1jKFBNWXml.jpg,images/qSebzpH4kNtnBPgqS4z3Vw3eVsDtGKho8rvEJnAk.svg,#053b53,28,2024-10-26T17:04:44.000000Z,2026-04-19T11:00:24.000000Z
293,السميع,27,1,voices/255c696c19c53faaa5a9c8dfe3cb19c7.mp3,images/WNq8HpbjKx19CyAkpL1tcLHwZHfZjZag7WinmeW5.jpg,images/vxrLeH7wJwNFfEMxhWw6tzWbqYsoa2XxZEaLJFR2.svg,#0a0e13,29,2024-10-26T17:04:44.000000Z,2026-01-03T09:35:53.000000Z
294,اللطيف,31,1,voices/14a73ad963d8d17a20020364ca1274a3.mp3,images/rC84nSxJkFbhM5MwsLK2oUacKM0TqKFhItDsSpV0.jpg,images/a9hOamvsKkDrO9hypytHBY7zPCM1E8JS8PULRTRG.svg,#171D11,30,2024-10-26T17:04:44.000000Z,2026-04-20T11:07:45.000000Z
295,الخبير,32,1,voices/18cf9d20f6b8156261fb87a607501f58.mp3,images/x8ij2AuCgXivKievptMy4IUDXBrAN5yhdscdsVXm.jpg,images/RD4DS6h8QjC8DFRjQJ0En8TzVI25LTMgRNCvVglo.svg,#2a231b,31,2024-10-26T17:04:44.000000Z,2026-04-20T11:08:10.000000Z
296,الحليم,33,1,voices/d0b357da192924ed84fb4df8e6cf60b8.mp3,images/XrwN3hmmdOprFmfy0b99btALEARAZOsDgLC5g3U0.jpg,images/V2tYk6RvATjSKXahmYc2uPie7yKWjzlIkqRKNL2x.svg,#152225,32,2024-10-26T17:04:44.000000Z,2026-04-18T14:00:37.000000Z
297,العظيم,34,1,voices/24e226576615f4119381dfb163e15dfe.mp3,images/4mamIESf8BNbLzhdAOonp1HvEMa7nQXrgF7eAetb.jpg,images/UbsaoJfiVYrc0MGGjL48OXvkPNSM2iV3HaIh5fc7.svg,#25181e,33,2024-10-26T17:04:44.000000Z,2026-04-20T10:33:23.000000Z
298,الغفور,35,1,voices/26da533ffc80650543e0b59bc80dca9d.mp3,images/5vzc7nE7YBcMrbs5xMahoJ9Oq8wYaFMvXkWKrndR.jpg,images/fngux1xfwvlyHeQ6sRByLFUOFbZNgl17i5hLYLcO.svg,#162022,34,2024-10-26T17:04:44.000000Z,2026-04-18T14:02:47.000000Z
299,الشكور,36,1,voices/c2d775ed8057721b18a3eaaa22375cd9.mp3,images/m91N16McKf2sLao9RSJa9N06ZE8UnAQjAMAX5i0Z.jpg,images/mepU981II5xkRAt9x0AqTc3x7Caz6OPM3i8zM5EF.svg,#182115,35,2024-10-26T17:04:44.000000Z,2026-04-18T14:04:02.000000Z
300,الكبير,38,1,voices/5340219bb3011abcea2c89abb6b21c70.mp3,images/V9c66asJtIaqJMbceQiSHDTfRpLcfzcJFx9AcIlt.jpg,images/Pdhg6a6C1dZgFbhJdFnAsS4R19yxTNxPRNehG4z4.svg,#171713,36,2024-10-26T17:04:44.000000Z,2026-04-20T10:34:08.000000Z
301,الحفيظ,39,1,voices/d8db85a75604d26e1839630ee3bca3cc.mp3,images/askuWwzZHgUn6luzuP1IUcS0EdktHstiBGjNIWqx.jpg,images/SIikm95CIeZprmHq0GKxsscsv6k2MS8fx3ucu2NO.svg,#1C1A11,37,2024-10-26T17:04:44.000000Z,2026-04-18T16:05:21.000000Z
302,المقيت,40,1,voices/a355284626aa9950c83485c36eb29d76.mp3,images/PqSypQcP3ntXP5FYfMiaDLqQFUPWBtlwD8pgckfM.jpg,images/okmW7CUD6ByIrvYqzctmtAYozy1MVZrgCe4wxjkA.svg,#251822,38,2024-10-26T17:04:44.000000Z,2026-04-20T10:34:30.000000Z
303,الكريم,43,1,voices/eb78a0f52df2d9412a96c81b846cd145.mp3,images/k5sK38mnprUWjiYA1JBTr2BHGEItIekdqVEZ1eWT.jpg,images/TQSzg48cdv0qULIoruYCl67Od2al8va3YLI8DVMn.svg,#3A241A,39,2024-10-26T17:04:44.000000Z,2026-04-20T10:35:12.000000Z
304,الرقيب,44,1,voices/fc6a2472a0ac20e9dfc6d98710b797c2.mp3,images/enZtMFUILrLrCOP7sMiFrUbwLdz67zPAytZZ5ov2.jpg,images/9B3sWn2UZvCqooTrOBKfRAJmRWPcl48oKUDkYzcu.svg,#0D0D0D,40,2024-10-26T17:04:44.000000Z,2026-04-18T16:07:59.000000Z
305,المجيب,45,1,voices/cd9a4e14b55822b3324fb4502812f151.mp3,images/ZygCjtT0j0ZAf1fms9mMsRqDAtkMhNl1cuykt9Ph.jpg,images/Wt0ig03pXa4dUr7fv2BetdgcdqAL8UnF17XCknZe.svg,#221d1b,41,2024-10-26T17:04:44.000000Z,2026-04-20T10:35:34.000000Z
306,الواسع,46,1,voices/532ef7cdba8d0572063ffe8c0d2c647d.mp3,images/dEuSu7esNocebD9s4vTp7pSLy4s2zXcxPImTiUH8.jpg,images/EXgXh5EGrSrdh1M9gzUxDy1MAZVNfMC94NM8fNDj.svg,#161518,42,2024-10-26T17:04:44.000000Z,2026-04-20T10:36:05.000000Z
307,الحكيم,47,1,voices/3375c71b8f98b753c4f8d9c31a3d55dd.mp3,images/siGvwEkCZjgcaVeEXcKS6l4RIwiPAupG5R2pTRao.jpg,images/xJKi4Mphpt8DShbRZUt81FDqwburqUUHBGoABYrA.svg,#2D2D0D,43,2024-10-26T17:04:44.000000Z,2026-04-20T10:37:21.000000Z
308,الودود,48,1,voices/c0f4dc954d8965236eb99caa5dc1d8ed.mp3,images/VRGGJqjQEKd6d9l7W4dC7M2qDf1XT250jSOPpjIn.jpg,images/V8P1OSUyaQQNwcZydPrr5uYjEtTRTeIbcbmqFk2E.svg,#251617,44,2024-10-26T17:04:44.000000Z,2026-04-20T10:37:43.000000Z
309,المجيد,49,1,voices/43811b5bce675b9441b9eae4c940049d.mp3,images/0fNF0poEDgnsEr74U687Sa81WlnpMXksp8TJJfuV.jpg,images/CIzDgSAWEMco0ouFZab8NqvfknGEux8DNKjLAwL9.svg,#141d21,45,2024-10-26T17:04:44.000000Z,2026-04-20T10:38:10.000000Z
310,الشهيد,51,1,voices/dd03e3348d9518c18a9696c466e6aa00.mp3,images/ZfLABNANETy0BKkwUryFFO5UbmY1rp1HuCicPqL6.jpg,images/tq8jSjvjdylhFXcaXKeS0VfQ2FFEGKnZxfkkrzng.svg,#272E36,46,2024-10-26T17:04:44.000000Z,2026-04-20T10:38:32.000000Z
311,الحق,52,1,voices/33d776034ec3ae1fdba9823d778cc0f1.mp3,images/gUDEOZHvI6ZCx1v99hCF2BLMXFJqxNtVvdyu3r1y.jpg,images/ubIUGtIHa2c3dX7k2zhHmY6ik74uaemEqp7zjYhR.svg,#141414,47,2024-10-26T17:04:44.000000Z,2026-04-18T14:16:13.000000Z
312,القوي,54,1,voices/b08838e50259ee5f1878885b724bec04.mp3,images/UEmIoC4qxIO36x18BuCdwy5MDE4WIr8Dn3N5EKeX.jpg,images/NEOvfQ4KRjkoiKa2pyHqovT2nhpr6Fcalkqkgzwm.svg,#191724,48,2024-10-26T17:04:44.000000Z,2026-04-18T14:17:44.000000Z
313,المتين,55,1,voices/def74478a09ccb39f324a7368246b05e.mp3,images/iRNlyNURiv7wOYaSZ91O23Rasje5pagH6AH7rFts.jpg,images/PACDeBO9mMqcVlfw7U0tR63AiRKJb8AMtKyLQ4hO.svg,#070707,49,2024-10-26T17:04:44.000000Z,2026-04-20T10:38:58.000000Z
314,الحي,63,1,voices/c71a3e4dbfd5120d70da9bc8563833c1.mp3,images/VhmHht2OPAJLezydGKQQIR7XN0cXZqaxtNWEP5as.jpg,images/vfeiNBOIdLWTGVT7oIXD3AeS1EdzULpT9MZfFDFK.svg,#1f2619,50,2024-10-26T17:04:44.000000Z,2026-04-20T10:40:12.000000Z
315,القيوم,64,1,voices/2f69be1e3d7552ccfdc94afed363eaf7.mp3,images/KUEVV50fd9Jv4YPXequT9NLB03hKH4k73j8BaJOQ.jpg,images/eGToK5hUSQhB689fErO1qulHzgHVMFA6yHIh77xx.svg,#1a1f27,51,2024-10-26T17:04:44.000000Z,2026-04-20T10:40:32.000000Z
316,الصمد,68,1,voices/373328e5f79f2184b9e47b09f531ef28.mp3,images/JswsnxEAtIWiYJd1TCKNg46VlUguAEv3zTalTL8D.jpg,images/LPpXxgZJtElRNbterQCl1Iir6cdJJr67P7YvKLaw.svg,#201e15,52,2024-10-26T17:04:44.000000Z,2026-04-20T10:41:14.000000Z
317,القادر,69,1,voices/0e307043615a13a4d6ac85d088aa7d9e.mp3,images/U6aOVFWIs9CfhV79Xabkg8GzZa7dB8ReXIqL5FTu.jpg,images/IGUKuGWccgSIV1a5xetV2kn4AyPF6i0S5Lsn4kae.svg,#20191e,53,2024-10-26T17:04:44.000000Z,2026-04-20T10:41:40.000000Z
318,المتعال,78,1,voices/bf5bd03826c25fc2c9c825dabb63b1ac.mp3,images/HSUNXyMMKguJjVaOcPQI7wfheHJmvpqG6bnx1qwJ.jpg,images/KbtHqwVl7EcgDpeiWNCKvfxZI2GpUJPgN6ETX7rK.svg,#1A1E29,54,2024-10-26T17:04:44.000000Z,2026-04-20T10:45:57.000000Z
319,التواب,80,1,voices/5c0f69ef66ebd0b4dd325348b104e441.mp3,images/ekuPwKZp9aT96pjgfksu7LuRJG73tbAZvCVyBJhV.jpg,images/aJAGiysQFMulyRpDFLL2RGaB6LK4YcGrGBZyjZHh.svg,#1b272a,55,2024-10-26T17:04:44.000000Z,2026-04-18T14:32:35.000000Z
320,العفو,82,1,voices/ada82b0e2c819aa2ddb98572f100bde2.mp3,images/tT3FPNGDDlFTHryQQwC18E4X1Zeghm2E4WZci6nE.jpg,images/nEndfTtFyi1MTT1h9qgoahdY2R0GmG50pBkJq8K9.svg,#22261c,56,2024-10-26T17:04:44.000000Z,2026-04-20T10:46:41.000000Z
321,الرؤوف,83,1,voices/7da83852bcb08e8b890d2d57d564b9cd.mp3,images/Z731PdUpz3ULxSVLmDx8M0udBzMquKqkrWAEcGeS.jpg,images/PTy4dYd3yvajgGOAdgOKhk9do39vQk8igE9ndSfj.svg,#1b211f,57,2024-10-26T17:04:44.000000Z,2026-04-20T10:47:06.000000Z
322,الغني,88,1,voices/1244d849366f6d048803296445783f1b.mp3,images/TbX0DIeAssUXgd1vYT0c3zfMRwq1QCFyc6YfkJ20.jpg,images/SJxuabG0EQZAu9F4iFlOsfW1nevXapEFDD2luL7C.svg,#231f27,58,2024-10-26T17:04:44.000000Z,2026-04-18T14:35:49.000000Z
323,الهادي,94,1,voices/fda8439695e6dce9fc997dcd50c75313.mp3,images/hjFAFFlDfSCNFQ7bV7rSFppOmRW1JN6YCeoLxaul.jpg,images/68eqZzjU6wLPORo7b6QegGB4k0qBQuhQTG0n2iYM.svg,#131b1d,59,2024-10-26T17:04:44.000000Z,2026-04-18T14:37:02.000000Z
324,القريب,102,1,voices/9477e0d24f87559276d52f4a3a2b3662.mp3,images/iBUfcWglq2wzICWM8E7sCs42n3dzXkzQ5OSVHk7E.jpg,images/fIrauIsvHNs0NQPdQZG1omx3DiaXibQq2RDNBoEE.svg,#07080A,60,2024-10-26T17:04:44.000000Z,2026-04-20T10:50:09.000000Z
325,المنان,144,1,voices/449d6cd213e6c2bd623b407dd8c20532.mp3,images/wACPs8XQIOf7D25ImCz0jcdaO9o5bmTKsv04cYVd.jpg,images/CB6SrCmwHFbOeGXxrgjHEFhX5eYCa9D1YUywYncr.svg,#181a21,61,2024-10-26T17:04:44.000000Z,2026-04-20T10:59:56.000000Z
326,الشافي,134,1,voices/4fc8701bd9cdd189bb69859995f9f260.mp3,images/BsxvTgPnhYjp9qGkLi8paO2m63mP0itDGsVO85V1.jpg,images/FR6veyjReTQ9q8NJohXUCcfmD0v1guoRqG1tUrKl.svg,#1b211e,62,2024-10-26T17:04:44.000000Z,2026-04-18T14:50:26.000000Z
327,الرب,104,1,voices/0486c969451f1251a39e73ca88d3a8e0.mp3,images/N4xcYA6IrV9TzfE3xx3WO4KTKOMz7XbvL8mDpizo.jpg,images/aGidJxji92tiUazuanbrFwPLbImWObjcAlmOg8NS.svg,#0f111d,63,2024-10-26T17:04:44.000000Z,2026-04-18T14:40:31.000000Z
328,المعطي,116,1,voices/f58391bfb5f70b77e8b17e93e5299d6b.mp3,images/yFNCTh6r02Bs9Klvc7MxLUxJF4ngobV3Fm4IMkMP.jpg,images/NiK0wYXaSNUkUTpzbNytsiVbLXzFxoM6Cd6SAfpd.svg,#17161c,64,2024-10-26T17:04:44.000000Z,2026-04-18T16:18:30.000000Z
329,الأحد,123,1,voices/20f980edb47572108e5ebda90f17fde5.mp3,images/DN3YCLynPsmigQ9y79otIhfPs7JPugE8fkLC2dZr.jpg,images/mCR0Ym3QTIwH3mcTjzH28XPCwzMgy2VvV3LhzuJk.svg,#040404,65,2024-10-26T17:04:44.000000Z,2026-04-20T10:51:44.000000Z
330,المؤمن,7,1,voices/cc623f49710bc205d87f3298c4b73242.mp3,images/9tmIpQVLTpsDoEAs0HnPaN68MctTAs2uBeS8fPXP.jpg,images/FTCFuefGMkchyzvKBgxlkMsS30mW33JLcv5Etu3a.svg,#3a2728,174,2024-10-26T17:04:44.000000Z,2026-04-18T13:53:23.000000Z
331,البارئ,13,1,voices/f7c0b1a06f1210150c43490ebf8d03af.mp3,images/FSEi95xNShV6sOrLKWRcpysIpUU6WzfN6h8AJpC8.jpg,images/JwW1HgseiMQkplHVDaPwTbPYRQhUWbjBY47AAPst.svg,#404040,175,2024-10-26T17:04:44.000000Z,2026-04-18T13:36:32.000000Z
332,المصور,14,1,voices/5c3a23a5febedadba8cac019be991ddc.mp3,images/hBO3wEO86OJEku4T5AgzWQmfs9G0X2sTJ7kEzluA.jpg,images/jumUwtzYVQiS8nkaLnQ0zmiR9pWJvRwSMfKwEetK.svg,#343040,176,2024-10-26T17:04:44.000000Z,2026-04-20T10:23:54.000000Z
333,الغفار,15,1,voices/cb3cebf588439e9aec9ec5b9afa1451c.mp3,images/zrx2llEi3xNDQZo0fNHXuDUnB0IDl212136841k8.jpg,images/w2CS3IUUlo5AY1b7sfilqtHKb7QZ0GcjAo625jMn.svg,#213237,177,2024-10-26T17:04:44.000000Z,2026-04-20T10:24:20.000000Z
334,الفتاح,19,1,voices/ab4d314146b8b82aa4cb2cec48d57f85.mp3,images/b2YlrgQnglDHyPx0psqjFCm1jdJMWBO3WdBBpSZ7.jpg,images/t9ofcalMRwDhB3QLra0TO547fwxYefWn22PjJOsk.svg,#0E1B27,179,2024-10-26T17:04:44.000000Z,2026-04-20T10:26:43.000000Z
335,القابض,21,1,voices/bbb9aab29e2239b2f3e1bce60a3de8df.mp3,images/RBLrf2ZSVERsW4YnyH8AFwl7OR7Opj12eYW6dmgy.jpg,images/vwLkgni8gZTTRJkKUFycLEctfzTK2EPFiHxsApUC.svg,#1C1C1C,180,2024-10-26T17:04:44.000000Z,2026-04-20T10:27:15.000000Z
336,الباسط,22,1,voices/8f09bf84e8c49d96dafefe25321d4c64.mp3,images/AbutBzQ2HtZZ6J1pSnFonQbfJneKPCL7TS8CjeN0.jpg,images/xDPprta1mGSTyfIuLUaNXAYqioEX9jUSyeDwQnRT.svg,#21261c,181,2024-10-26T17:04:44.000000Z,2026-04-20T10:27:40.000000Z
337,الخافض,23,1,voices/eb01495bd1cfef30ef1746552d36a4a1.mp3,images/iiJJ1VptplbVbjcQ4ioKVTODUJfPaKrUeUyYwwRR.jpg,images/meEUwlBr4NQDFTK8U49yRAcn7D4tXK5wRQ9QscE5.svg,#39221D,182,2024-10-26T17:04:44.000000Z,2026-04-20T10:28:32.000000Z
338,الرافع,24,1,voices/db21bf84f38d746d6137c05d7e6cb28f.mp3,images/x3i7WCH3QI3MSsAuqBpv2SNVK5LzvAoktoppq4QE.jpg,images/nleyItuPgLpQnZMadCT92AuvqI6yY0KNPjRuI6fL.svg,#0E1E2E,183,2024-10-26T17:04:44.000000Z,2026-04-20T10:28:55.000000Z
341,البصير,28,1,voices/7d54a706b97bdd201d20b5ec26236cca.mp3,images/ptGSs4rE4GM3kKsAgyZjPnq8sGLpgpNDkYUoWU3i.jpg,images/dSEAbr4ip4yTkWfan9E4yioP4wKlzepHjikgh7hY.svg,#0C1D2F,186,2024-10-26T17:04:44.000000Z,2026-04-20T10:29:29.000000Z
342,الحكم,29,1,voices/3ccdef66c4509c58502cfe51f88cf5d9.mp3,images/qgBYdMwXD6H95o1yiYaVfZTjOFS7uBoVW2zi6QKq.jpg,images/pmraMpiz01UerhVrL0BaExI23fZ6Qa49nRUyth6K.svg,#192726,187,2024-10-26T17:04:44.000000Z,2026-04-20T10:31:07.000000Z
344,العلي,37,1,voices/8a255975c351852569234a4c433696db.mp3,images/iqrMjw1PN8YkxT26ppHy8d12pYn20lbYfXwSESwF.jpg,images/bP3uBBmMmpqwXTXTaqlVM50CuhcFMNDCaA0MoA2b.svg,#1c1e28,189,2024-10-26T17:04:44.000000Z,2026-04-20T10:33:46.000000Z
345,الحسيب,41,1,voices/b266db7e47ff8507dd11a4cf819ef38a.mp3,images/EFCe2Z81IktjkV3u2GhnJPppIewh3ZQ0iKjRTbpU.jpg,images/NtbxpL6SVVppmfwWvjTshTv107h13MNghBamBdaD.svg,#262315,190,2024-10-26T17:04:44.000000Z,2026-04-20T10:34:49.000000Z
348,الوكيل,53,1,voices/19a25b9911b7b7cb69ffd9d6e532a14f.mp3,images/GSvaWUw1yn005Y4YdPEFTQ6o9YDkpW7aE4FJUp9z.jpg,images/AwPFig8ruBJUqXlicUHkzl77iTGBGZetKXR58qzL.svg,#182436,193,2024-10-26T17:04:44.000000Z,2026-04-18T14:17:00.000000Z
349,الولي,56,1,voices/afbbd18ed80cfc7cbd311b13b886b89d.mp3,images/XLgPKAKwlnzsEhEJK8J8LoPhgJaYcWMu485SYLgn.jpg,images/ozPCV6u7mxTbv2kqiFLyKiKglQNfOR18JZAgvwCk.svg,#131e17,194,2024-10-26T17:04:44.000000Z,2026-04-20T10:39:28.000000Z
350,الحميد,57,1,voices/55a65d1e7328ef597d357fa30e1ce274.mp3,images/p0qKH71XTYM04SuVzdJwBkTu3YDK5y1d63lvaZ30.jpg,images/LV9e0zWsLjPeN6k0AUR3WNzRdjCRh9LEp9qi15VB.svg,#2c241e,195,2024-10-26T17:04:44.000000Z,2026-04-20T10:39:49.000000Z
358,الواحد,67,1,voices/ef7a2eab1cc1aa10643cf89a035d7551.mp3,images/QIPXtDv524PLzCo5k4J66oOOfTAfzsIZXSVkGudU.jpg,images/PN7vjrBTkLD34PBeJt7opL7gQOxBie5wXS6GnpvG.svg,#2F201F,203,2024-10-26T17:04:44.000000Z,2026-04-20T10:40:54.000000Z
359,المقتدر,70,1,voices/7979d2613284733ff4f4e2fed20f598f.mp3,images/KvRgacKJ6OYcwOPBeHjOFO1qOqeaL3XU8bHDw3Yo.jpg,images/hbCWOXkyBx8TRWwmiRpvHf2DnmKPiA8MI4UiLTGg.svg,#060606,204,2024-10-26T17:04:44.000000Z,2026-04-18T14:24:37.000000Z
360,المقدم,71,1,voices/e44cdb7551565c7824733ebaffd1d893.mp3,images/iEckSs2TZH4yF1lXoTiVYULm1VaNRW67wM1856in.jpg,images/DsdIhyzFEPhwdlSnpPAGKeouF2kzdFIep1zOHxGe.svg,#2c2533,205,2024-10-26T17:04:44.000000Z,2026-04-20T10:42:03.000000Z
361,المؤخر,72,1,voices/315a61859dcdbe4445e93a9fad275cdb.mp3,images/jMCRElduOwmXjJRJ65qU3U0e2omqRLWwS0Gstzep.jpg,images/6EmsTkB6OiVrFUlrFr2Tm2Z9MqRzhU5JwRnAaTGx.svg,#1d1615,206,2024-10-26T17:04:44.000000Z,2026-04-20T10:43:44.000000Z
362,الأول,73,1,voices/42451d2973d563b937a2f72ecb85a642.mp3,images/Pq4siKifHRBA3QqeqnG4mzQJ4EA0zgcJCPShvlYr.jpg,images/ktqsyEhbwAXgo1enue6aG9pzF0tgeblUXtOh3Um0.svg,#231c17,207,2024-10-26T17:04:44.000000Z,2026-04-20T10:44:10.000000Z
363,الآخر,74,1,voices/3b25f1c4e4c48b6e21638279f839a2ca.mp3,images/4NRQdn57QCExEINlYkTdVvCqtNGK3rHdLvkWfOiO.jpg,images/STjGMzNn6nYGgrRULYQdHgvdh6jYdgtX6t1nEZKe.svg,#2b211c,208,2024-10-26T17:04:44.000000Z,2026-04-20T10:44:39.000000Z
364,الظاهر,75,1,voices/c72fdf3ab6713422c3f43c0dded742fa.mp3,images/RyitURrTt9zEFHukIX0czIqxf6eCXkdqUEH72hSi.jpg,images/FnTyA4R4k3YldX0L2MX5bkCNhb6Hfi5b8Uix6Daa.svg,#392E26,209,2024-10-26T17:04:44.000000Z,2026-04-20T10:45:05.000000Z
365,الباطن,76,1,voices/37dac0dab4d748c788b54146f48870fe.mp3,images/qV7O3FqkF8lPbEnDZyx3kGWV53KgDi2kBbnn7lE6.jpg,images/UPCAHOwcTx0yu3WxFinFfxCCq0nHddnfjxASKKBz.svg,#33332D,210,2024-10-26T17:04:44.000000Z,2026-04-20T10:45:32.000000Z
367,البر,79,1,voices/2d8dffd1bf824069d58b351a395bf829.mp3,images/78UKzYpI3xKRNfjo8OJWjBRrRnBm8bF3ArA12Dh1.jpg,images/4Cnuai6SPBmMb5LYeqxbJtOINZcccQxSbEtsjePd.svg,#19201e,212,2024-10-26T17:04:44.000000Z,2026-04-20T10:46:18.000000Z
369,مالك الملك,84,1,voices/78cd0f6ba387c59d194a9c28d0b9f108.mp3,images/8JWo3YgLHupRriQnaGXci8G5Gamsuh2U2OHNDCjb.jpg,images/Iu4G1mgqdKFChGds3aQTZVObLnBNzd3TO3NHAd9R.svg,#161a1f,214,2024-10-26T17:04:44.000000Z,2026-04-20T10:47:26.000000Z
370,ذو الجلال والإكرام,85,1,voices/8241f4b4673605c9b2f3b5b84e46f6a3.mp3,images/tLhdhcXrozt8n3DHJc4pMtMF2mE0JdjE14X2jyxQ.jpg,images/fB3Mh7bvZRRq5NXdWscmLfeONWbsxPMwFlX9Cg2Z.svg,#2f252c,215,2024-10-26T17:04:44.000000Z,2026-04-20T10:47:59.000000Z
380,الوارث,97,1,voices/3889f52c6b9c51f168a45a821be5aae8.mp3,images/rgw8dWxAolXvNbdCzc6UcpWSbQTNXrkIHBe5ZFT4.jpg,images/2xsMH4eJ19Fq6eE8m1yMTVPpnI9n4mhr1xOyVNy9.svg,#040404,225,2024-10-26T17:04:44.000000Z,2026-04-20T10:48:48.000000Z
383,الجميل,100,1,voices/12a18a2b4d352f8089c78b9ddc22ef65.mp3,images/toBuq279IaJ4ccmtYmw1ze9DyDYuLDTXOdpeBnQL.jpg,images/CeRsiPFLiOyqhRpTxW8K3velNiouamIIcvroWKzo.svg,#000000,228,2024-10-26T17:04:44.000000Z,2026-04-20T10:49:26.000000Z
384,القاهر,101,1,voices/8479b9e291547f12826bad1f66434346.mp3,images/JYK9dWz5GBSajxiSkTaf0wozvPPJv0A0BCyrap7Z.jpg,images/O65ZtMKRVf0TeWOQWHLarGetJ3GF43ArdKnce686.svg,#0b0909,229,2024-10-26T17:04:44.000000Z,2026-04-20T10:49:48.000000Z
385,المبين,105,1,voices/4edc017ee77e849210d07c2fba1907d0.mp3,images/Lex7sWAPbVFUZPYgbNyxISzVk0drRrsQ5F9ywfEk.jpg,images/vvM5YnAG3LBr7UYgMmLKKTqX5pXFUgvNLI6Dlick.svg,#25272a,230,2024-10-26T17:04:44.000000Z,2026-04-20T10:50:30.000000Z
386,الكافي,117,1,voices/81b21442ae623093cc0fdd87b5e398e0.mp3,images/JcOcEM26gEHLz8jlEdwjWNQPZrtaJGOSdmKmYHCI.jpg,images/MrdJYjNUG8pjm7m206SqKgcfTqOrRZ561APcM4Zp.svg,#1b1612,231,2024-10-26T17:04:44.000000Z,2026-04-20T10:50:47.000000Z
387,الوتر,122,1,voices/a4bc0c835f1edc5c3599fc1d17b21d09.mp3,images/mkP12rZQQAdhQEi1G7gkc9iIEUXTQFPTqbKUTtt7.jpg,images/PI6a7etOzsAw7Y9dju5pmip6ndLaJBnBtoNcHRFP.svg,#171b22,232,2024-10-26T17:04:44.000000Z,2026-04-20T10:51:09.000000Z
388,الجواد,126,1,voices/3fc587e182097dec101f1a1430270862.mp3,images/CM6OXfKRUI83wfQhcOHd5aZzTJ4cDxrYiKiMOAIf.jpg,images/lG3oJlsHRPv1usEAhIvHrZEmpUOGJ6V9mBU96kRW.svg,#1C1C1C,233,2024-10-26T17:04:44.000000Z,2026-04-20T10:52:16.000000Z
389,الرفيق,130,1,voices/5abd4e2a4d1f9d06c60b1d6ce40e125a.mp3,images/zDxh6JJIdKVudRtnCrAjwBXBPBTb8W6Htn92bYaA.jpg,images/uzYL35oqdJMBU6NaRrZG1lJf9cmOOPCf85zY012P.svg,#131915,234,2024-10-26T17:04:44.000000Z,2026-04-20T10:53:33.000000Z
390,السيد,131,1,voices/a0d117018eee99a6121028600258a726.mp3,images/VrDJsKw2eWovDrjA6eajMzGHp1Ip8wWKs3pSFIBi.jpg,images/ojgFmSYimUonO01MueCusTdvLuhOa8KgMiep24Q0.svg,#231d18,235,2024-10-26T17:04:44.000000Z,2026-04-20T10:54:05.000000Z
391,السبوح,132,1,voices/a5266370eca579d97897c012c25a5b16.mp3,images/89pMeqzL0KGCXuuUqiSq5Jj0D2dUGchCMADWQsLx.jpg,images/19PSCiGrRmAGpAKAP6yPMoYCX3d186Ud9PRx1SmD.svg,#162026,236,2024-10-26T17:04:44.000000Z,2026-04-20T10:56:39.000000Z
392,الشاكر,136,1,voices/07f5073c996996542c5e3494601cad85.mp3,images/TCMkpQovilaNUoZOOredUhf81wJn68msWVoCQaiW.jpg,images/G211hOUgFuBMHMnhPyp7WrvZpJyebWknI55U5bWp.svg,#161518,237,2024-10-26T17:04:44.000000Z,2026-04-20T10:57:16.000000Z
393,الطيب,137,1,voices/f198a40ceb78e2b4d842470cff63f6ff.mp3,images/hgPMUAjoXS7jjgdM3sSccy73FlUSzPsNcEJB84Fa.jpg,images/U3y96e1YS5Ruqb655ccRjaO0au5ctRmhpeW5npbf.svg,#28171a,238,2024-10-26T17:04:44.000000Z,2026-04-20T10:57:52.000000Z
394,الأعلى,138,1,voices/2e32c6096ac8b64ca09b32cb40e07fad.mp3,images/pYicu4IR92Yf773flvaTQZlMy0nZuPpipxv5AcGk.jpg,images/5uFAi5WFxTaIYDbNu8aEh5x8fLVu4n0SajlsnbGr.svg,#1b221b,239,2024-10-26T17:04:44.000000Z,2026-04-20T10:58:21.000000Z
395,القدير,141,1,voices/63287058d2587b0baf4b294a7abafecf.mp3,images/xWnR7E2gjmNucng7fzOYW2VXkAAScpavxOfdq1v7.jpg,images/yekqTQf7KJruvjSOQ11Hfcz62tDsMb8JP4mEN1GR.svg,#241A19,240,2024-10-26T17:04:44.000000Z,2026-04-20T10:59:00.000000Z
396,المحيط,177,1,voices/11f8fccb53a1bfc6d5b8954bd6cf6706.mp3,images/vYLS3RbJMUAQTfv5Pdl2rFX4ziz9sc8XbzZfnlGc.jpg,images/V40LatAnJKsXOeP61OJNFN7f8iRhcPtyR4dY46HG.svg,#171c22,242,2024-10-26T17:04:44.000000Z,2026-04-20T11:00:31.000000Z
397,الأكرم,179,1,voices/0af0b8f013fcd58c936d056d1afb192a.mp3,images/kiWgS4LgtuFUfdN4ZU8pBmHfdJqcykg6DnxepbDx.jpg,images/I5m7RbNG34wJhIQLV2N9sJfW04B9Og3VPBDI2aMR.svg,#1d2727,243,2024-10-26T17:04:44.000000Z,2026-04-20T11:00:59.000000Z
398,الإله,180,1,voices/a929de24469b8d2f37443e2c98d3710a.mp3,images/pfjBK9354u0jAqQaZm3yEGTxUvhPajgpXAlFkbRQ.jpg,images/FJolQ6AA6bidsL83l3eJgXhL2KuILPilNdylVjxl.svg,#161f25,244,2024-10-26T17:04:44.000000Z,2026-04-20T11:08:43.000000Z
399,النصير,192,1,voices/245083d6256bbad458572b239bc720f3.mp3,images/CcDbs9w6ft8u2NsQGctJSNfIRMB2pBVVUxIRuAs6.jpg,images/CIAnqh3TJMQi3kHAJ9qWkq2YJFEMT2Zi3EBVKmef.svg,#1f1922,245,2024-10-26T17:04:44.000000Z,2026-04-20T11:03:58.000000Z
400,المولى,220,1,voices/d9e0350cd3a309a5ceec455da4339d5a.mp3,images/DfFqv4bxui8zxnQjRA9Qjykf7QLgx7zjR1dbuqej.jpg,images/jnweI5vR3qudWf1y4qzTN0TOqMmiHGOfGB1HlG2E.svg,#121a1e,246,2024-10-26T17:04:44.000000Z,2026-04-20T11:04:19.000000Z
401,الحيي,221,1,voices/fd7797b03e151d9635b866161ab1799d.mp3,images/zmKzDq2FocSqLCNw74lXi7DI7ibqnx4F4jwCP5tJ.jpg,images/WzjdToOFn3EQ1wd7OpevuXIYNPDXuls3AEmvalvx.svg,#212621,247,2024-10-26T17:04:44.000000Z,2026-04-20T11:04:49.000000Z
402,المحسن,222,1,voices/86d4a12f82ac1ea2c48af1b13cdfd6b2.mp3,images/pfRJmgUe28V7CL5wQ4S2pWPsemwaNXmTlYJrBh4a.jpg,images/7O1eMOOVXR2sJ3DIf9HvIe4oPqEt3AYe1G3IPL5q.svg,#171412,248,2024-10-26T17:04:44.000000Z,2026-04-20T11:05:23.000000Z
